PC1,PC2
678.4020522784253,20.933880165186338
677.7537614761117,-14.355488769510657
676.6245627278639,0.5279924016299978
675.6935705075571,-5.747085056382823
674.467332195925,14.59835674091642
673.6827164257536,-4.374956309854053
672.2439252020098,32.6654206010488
671.2227521515606,36.90424535016852
671.1731546979802,-46.8078191499396
669.7508907007326,-10.279698414908726
668.6779689647858,-4.664930974254806
667.3500816619663,26.13724166334578
667.5994323329451,-96.51294082299151
666.6361138794389,-99.22773736392499
665.149077393787,-51.79572310739003
663.647198215332,-1.7795006377947473
662.3563038426854,26.72235912024111
661.6451490055188,-2.0255774238040445
660.6676481562287,-8.587915544235898
659.8050039142025,-18.005285155219642
658.4405757135514,18.021961961971236
657.7890173600181,-11.018000406682049
656.4514475124711,12.623899102104295
655.2757449196766,31.406083146337675
654.1533277597277,44.65461906448164
653.408814678012,19.02219427166146
652.2028558391752,38.87292578945314
651.9432030746588,-27.49130323468572
650.4145746320805,15.266737241839483
650.3065773607565,-57.282498019314374
648.9091422546792,-33.66781394026412
647.5820244668355,4.540129645535352
646.2328465163346,37.493917622481334
645.2013484314896,40.88353364204137
644.3548810891309,24.0294619300889
643.237625942729,36.060862380823934
643.0123317247678,-31.376164679514755
641.5323273612727,7.507970486480297
640.1798651107712,40.69043409615892
639.282370368025,31.689748915735855
638.1514361981643,44.25450749247723
637.7620752966202,-9.06820784073659
637.304435722505,-59.95675718591587
635.4389963255147,17.336869335607453
634.1630082910348,43.23337986260509
634.1153130615032,-40.23149714444696
632.2946899855169,32.725943904586686
631.1917315856813,39.60877065769774
630.1843746949819,41.017209856947034
630.3470468304478,-66.67907539034324
628.8093680073804,-22.507585380813637
627.5040183073802,6.54322179156437
626.1468263581602,45.33502743071262
626.2015585140724,-62.40704357829594
624.623918541634,-0.4743567104961134
623.5481266556698,9.080392081122158
622.5986919410549,1.0144264493251542
622.2864392604913,-57.72107709280738
620.4156076519556,19.11373789107675
619.6316611754777,0.3538478993314501
618.1544747913681,44.24862706928967
617.4638241618065,15.40707932840117
616.1958440325694,39.90286659266595
615.7319778794972,-13.495381594063666
614.2397666252006,35.544908888286116
613.3180281531493,26.17445297986265
613.1087549323171,-41.554532397841065
612.0837257170668,-39.83545369769885
610.511663554133,11.430550414281084
609.9389939265942,-31.338589451351513
608.5040039512901,12.83788811001739
607.3531218918162,23.40263700090577
606.9335072888632,-24.91433281832946
606.3546569334759,-66.26441339045412
604.2035046871796,40.42720633051298
603.765389615224,-14.484120952320454
602.836312245572,-20.128421792132897
601.5929097005308,2.4212014861882976
600.7022004949208,-7.78487732173028
599.4591845067188,12.457156062646083
599.5651211149049,-81.3588926324251
597.3774409903443,23.433079038220477
597.4109630287795,-73.75819019426633
595.2986194583158,30.450165680695054
595.5657963910983,-90.18687250587635
594.5330482248308,-78.26751301542086
592.9303210707459,-36.375275566008895
592.2193479676,-51.53509528921347
590.2860156021915,31.369699875855957
589.2861376352137,33.44351912094537
588.144144219013,44.692806413241115
587.4169226945818,18.538169043448896
586.5931999469507,4.35295800937797
585.2761758841855,32.305595439864895
584.7645776796442,-10.52211686179677
583.4437861470528,19.286904618271603
582.7981422348059,-15.772395087964867
581.7448412011657,-10.255103262344518
580.9249742907754,-26.521738966069204
580.7272333926685,-101.91514956590706
578.557105827469,6.964600241153141
578.2622862441226,-52.2948212342014
577.2907635126019,-55.89564007712796
575.5278381195192,5.704669201959338
574.7292171073723,-7.910219813283743
573.4790591286061,13.963152932095147
572.348976781282,26.53090672418495
571.6572466762868,-2.316630579006033
571.0201904092056,-36.29526148831437
570.0453435161463,-33.64372842304574
568.1842771355111,41.99027521985587
567.4104218870368,19.737538151090536
567.1729295253491,-48.78184653328543
566.0239885434294,-38.4172875980072
562.2190595481807,39.0190842407697
561.2461569026492,35.39776878770833
561.5238624897956,-82.0435184105639
560.1419125820994,-45.04765547272194
558.3046979788547,26.110275693001846
557.3490030186514,24.06586789283143
556.7353347175608,-9.754573239512105
555.6209515218325,2.289132296042726
554.5332150194904,8.42656811479963
554.2207214054623,-50.52064355876401
553.2512404000436,-53.898947450443885
551.7060831624499,-12.245079755724971
550.2648077373765,34.971737011457904
550.6012551617094,-89.42785343791022
549.0793500431488,-41.18980723452062
548.0354982121758,-32.90083423143399
546.3619511741322,23.18772063998505
545.5151287551221,10.731471778068627
544.1579932193675,43.247855106826016
543.7739065917245,-19.29939251952437
543.1310566455033,-47.00279352166461
542.4679956704813,-77.18035639690227
541.458595459471,-75.99444351761203
539.2711834531033,30.90922733601504
538.9957473182105,-32.82988493226141
537.2588895832131,33.95312205565528
536.255142239725,33.502360148534535
535.3651347105308,20.99617505080682
535.3632790142359,-71.02664456355875
534.3652749040245,-70.8156430120044
533.1205739079959,-41.74724210048741
532.1683406776018,-47.52641415353054
530.4923433526922,10.208942506407718
529.5261435673913,9.578660862678477
528.7384249523135,-9.841159499741423
527.1282025009408,46.21131358061051
526.239433980022,36.00719774622698
525.4765993323357,8.615706470506735
524.4322871248174,19.18587989002507
523.5685288405231,2.8659452323317733
522.464436416735,16.02246546303515
521.2593235688024,33.77230331810896
520.5088104347301,11.660773268575237
520.2657561469391,-57.527663149016135
518.4949441795062,10.294987190798121
517.7696689302397,-11.02889751509531
516.7412248412372,-7.451191508636191
515.9716052940611,-33.85907951250655
514.7875774444439,-13.673963550837113
513.3256350728748,27.3979080024815
513.661371778005,-88.00974440989488
512.668853619544,-89.43809520133891
511.465419684591,-73.76761243064101
509.5646212447136,2.266504017193587
509.4626385800236,-71.72291856878095
507.3530583682711,25.829260272734963
507.378395479648,-67.64674416376545
505.6470782681378,-2.2912528784224473
504.33574385455995,25.69660937924012
504.0845957409024,-38.906954128068726
502.37558819379444,21.747080834242766
501.30513759026934,29.246102838216565
501.63731086606873,-95.4052618662723
499.5762304306271,3.271783061939806
498.46159148200536,13.009741685672111
497.44272410550434,15.392331937062703
496.35496925771844,25.30953953040597
496.3751182353659,-68.20759127766418
495.1036277920948,-42.077065413655326
493.25371842319316,34.484222450362026
492.2549462616709,34.91868847511944
491.73990569325707,-8.157511581584624
490.212870759012,38.7979634928339
489.7378289125276,-15.087766634632441
488.49813410104485,12.285176510007636
488.3856502406586,-69.29876147555758
486.58437545878525,3.8156339577920484
485.49714891627104,12.031056417866527
484.53264888161124,9.318525619381676
484.6563725977106,-91.29651203790698
482.66595265059493,-7.456850065203145
481.84320439292026,-19.346665420922672
480.150870130212,43.529882101183404
479.35387080216196,25.316750326325305
478.65005314480857,-2.5694874614708976
477.71272920796326,-13.493472731166417
476.9264141620253,-30.602431969116456
475.2951523777395,29.92377791291374
474.4510911845133,16.03285542650392
474.22450319478133,-53.24422547243599
472.5873809640137,3.8767435158677115
471.679713488971,-6.245164864172111
470.4605052331641,16.6554818469436
469.456560835,14.113627392029242
468.4659482253079,12.90731043578349
467.75336597936877,-7.295910979863374
466.31608038009915,29.54998736266109
466.2459073558186,-58.247394739601766
464.31277398583666,28.653689227606463
463.300048353683,30.452373350827784
462.6021894268221,0.9222421604583125
461.8673561642185,-19.425505781388782
460.478904049556,14.160265509013124
459.4450619974528,14.572737226404843
458.4063528377561,17.456834144327406
457.28351716610774,32.58252333644914
457.02285260728576,-31.488355093997406
456.38514120847674,-65.67797849932127
454.1905363079222,40.337073400205746
453.668259457677,-3.1698267311017574
452.5510452679295,8.442657259215231
451.40240877975,18.81861804004328
450.5308989260385,6.205969682760281
449.79554551113426,-13.932780207831115
448.4318141498072,17.71257765059973
447.5669434879019,1.1643736387502255
446.3546751722086,26.632573924877725
445.1565580926048,42.97037424605659
444.6991470191102,-11.240660583321631
443.442901011712,14.600047889876896
442.34550979836825,26.090616715273026
441.31055718867793,30.675378227417337
440.6965275396895,-11.507434124549698
439.7671194167022,-13.181866218288087
438.4680446961997,14.673723393610071
438.07757019272987,-43.74873880922868
436.19056225301847,40.135284035490955
435.5718923420928,5.850825746234906
434.2613310367323,34.05431800107476
433.1550936754394,43.01636002351047
432.636463950791,-0.4714453399051806
431.8050363682071,-22.447924901255824
430.5680488426156,0.572683379095934
429.60082672312654,-4.266703587216771
428.5743939410759,1.632566974010471
428.116706507087,-49.02685761221616
426.2488795683411,34.96002191933036
425.5693874952538,3.028075860315316
424.22360348030776,37.07373503634502
423.6331860049016,-1.6334369874839132
422.3554331723485,26.352451371802033
421.8072026738566,-20.23819902834426
420.3680263395065,23.692719710697254
419.39733950941036,22.396012883951503
418.4140115712549,19.768954478964712
417.5160970359772,6.379698044969901
416.2133497561256,37.55803858670016
415.34979665866894,23.733371974766595
414.2828519154164,32.097872740113345
414.0647713035799,-36.73634799853014
412.3306122484088,27.96806062312492
411.65941366094694,-0.5559206350932719
410.2038912927065,38.67323275325031
409.1829759468523,40.83410715418057
408.37875451417,22.370944940515972
408.23104313606535,-52.09242244579296
407.14354761265935,-46.162851100085255
406.54686448045663,-84.69165392638162
404.8268853074109,-22.3888611882537
403.6200520620214,-2.5463122647666356
403.0381166262806,-44.34385691203839
401.8449363804231,-25.247420368829093
400.6901166249315,-8.632810249327742
400.00528172731526,-36.845354791699215
398.2480240466361,34.62490380677062
397.8249583928426,-25.423139975755845
396.60563254598026,1.7975775200187487
395.20503798703254,38.52262655310105
394.1941781297867,39.6919371005718
393.2891480005851,31.68817794484059
392.2150384514101,37.28889575703605
391.50566375998034,11.269805540896092
391.32379593810697,-62.38960271381402
389.5270233282236,6.977411151239905
388.4548539979579,12.591758351454851
387.28395831702255,31.398191256711357
386.2246713339071,36.47546702362052
385.66181633158925,-9.611707953716214
385.14062396099126,-49.33490246969611
383.36859276568106,22.446555357105634
382.2807182310989,30.67248802562501
381.25304461230706,34.69275510526969
380.2063986316726,38.36118625885578
379.4143323845619,20.80697492091789
378.696641721975,-17.00182018644337
377.4076040498241,16.36515198644646
376.2199985433907,37.3676740554861
375.55530708597917,5.095917844347019
374.3560735715858,23.51594146208474
373.4144578554354,16.33914978244293
372.33317568286986,25.444340151480617
371.2572128581686,32.91406318348563
370.89870887297536,-26.92550856668305
370.8685157042983,-116.64806858892285
368.38489467496294,18.22424675147019
367.63229184729556,-6.850497368887027
366.36604657594563,22.25399266437811
365.3037234511688,28.538328318404243
364.5123285912451,10.983978718582032
363.9600762013839,-28.94317869332319
362.5888807602596,-0.2806625518805846
361.4736968952149,15.734999385655222
360.2208960898234,37.183359034652895
359.53065231172485,10.596827810701358
358.2840786906497,31.069309676636223
357.3130293723194,27.240188712049317
356.89190024505587,-23.381040545039422
355.25088478409106,34.18838961410285
354.70846572448363,-16.155836982598895
353.3220828252842,26.209865592740453
352.5332721349533,2.4172397951182854
351.8605915911189,-19.86302811103931
350.59155803768965,5.876637224682198
349.2194692824634,37.04697116163044
348.56196645845114,2.9616869658439633
347.3221445504384,28.243866033090548
346.69798759911276,-10.8641660687529
345.3456381029978,24.17748493577391
344.5235626664134,7.273547627325595
343.6316159252368,-4.835365614553589
342.4597497506719,14.387084029520798
341.5627550566429,0.9944822464820964
340.50626402106303,8.170650601938533
339.62047453339073,-3.9010822639639344
338.59034082282795,1.553252602191862
338.0408907537153,-35.59928112452853
336.3462902972517,26.173644669167615
336.12579709682996,-42.67294620410036
334.3383405937499,27.15088703493545
333.48307399930223,14.240910334701919
333.34501005942076,-83.2303789095277
331.59843399538624,2.1620969087223454
330.52400665319516,9.835142804452198
329.4532030974077,11.291023336587513
328.76029995637833,-13.822642420593803
327.5129777434626,10.579500450012445
326.338306625698,23.07395981812917
325.32387234952137,25.92389171605509
324.36341088684753,23.434916876665064
323.3829570054124,20.821555936054565
322.23189431115827,35.77582123985407
321.5748314027874,-0.8437485913997749
320.99693623447916,-36.93911639262566
319.91111824073806,-28.48341397608147
318.9138664219004,-25.757778563481757
317.26612289112734,32.7711926636532
317.415744886795,-71.64100228996782
316.5398957701064,-84.93785478709835
314.27834241753067,31.805693003871113
314.41558102629745,-75.84165391806789
312.27889552924927,31.56644236501951
311.58664188529445,-5.669304091052878
310.7591944940919,-20.500086582216944
309.5427990684607,-1.3393974422067685
308.71823322145076,-9.278136558816808
307.3253107576387,27.826503413033148
306.570077723126,1.5055537473970364
305.4166878559847,19.996868620391652
304.38806485964733,21.265401185100792
303.44107103200463,15.517964688014583
302.77690040287126,-16.533385253132284
301.313714058578,26.4507484518807
300.25990201381404,33.60425028127923
299.6394207673226,-5.0722998499447325
298.6957339393833,-16.43685174406657
297.3035928161822,29.665381298198266
296.6206668534935,2.105691252291291
295.3870976305828,22.830397592678686
294.36011570263474,24.55161231143503
293.5509845561488,9.177541838121062
292.2575140922234,31.425995966767285
291.35580816248205,24.923645740235774
290.4065951014715,20.80579200745761
289.83091977866167,-24.70080641381171
288.23292709627975,35.413686225075715
287.35757323327454,24.446317942891483
286.4327464382525,14.440410314769762
285.3427467617914,24.95007264270575
284.425418826195,14.163185908814228
283.3057695732694,29.73432157487793
282.7873972425842,-17.71392034089467
281.2688523518306,32.41575331997435
280.3048627937956,29.689589175060483
279.7519238512821,-17.57110470453609
278.58681789451776,4.198812763183731
277.29775116999446,26.694920196127523
276.26861834100697,32.33701044876977
275.330855815111,25.624667825598433
275.49680616892596,-79.14415753128978
273.2285759815725,36.453885282766244
272.3430191737937,24.59503384762019
271.60743127525114,-2.2091405654543834
270.2525144592819,33.05633863997463
269.29579310908315,30.33851042887231
268.5417007139347,-2.65753933781769
267.57778108408996,2.9882621230101756
266.61039529644137,-4.133917342686815
265.79888019659137,-19.72974622773497
264.2147698608079,37.32791294298658
263.32135022527643,26.459755610485516
262.3760976922523,23.651290514123207
261.2359300653769,35.11513676966629
260.28237310922236,31.22176517447321
259.408683198636,20.46621663467607
258.31958710894224,28.15526536871901
257.2464158292426,34.10270257240958
256.26109982479824,33.117631954671936
255.25912173098266,32.88514631245238
254.32743943599397,27.2537283607338
253.24880059452394,34.063150522953265
252.21635304130655,37.19983832539963
251.76651563085036,-21.128764227170038
250.3433397064497,24.358021342750575
249.65996341888322,-8.005357356218154
248.32540738342863,24.88581352344865
247.3460571611845,22.700871881558875
246.94873024999396,-32.190651206058945
246.05117448328613,-43.11632582951822
244.23984529120915,35.1667659422554
243.47295289036975,11.683611730797187
243.27522861407775,-67.87711289588216
241.86271488856642,-30.709087287582513
240.33002772838498,27.1057909529739
239.3071248753918,29.045222463019556
238.34352225719536,24.246158587716092
237.29562960648735,29.997905497553436
236.20549282244662,37.781287506416774
235.72701911513508,-14.441538953699082
234.51737591424939,4.764183309078429
233.5261431175945,5.60796622749574
232.60124025124992,0.6428344696103182
231.22634554886383,35.78460015707053
231.73532409774776,-103.08988443854528
229.21936141712277,36.95995159249113
228.24253905315553,34.981232808958595
227.41272739959265,18.057755787548334
227.20410997442835,-60.33765159512121
225.4161997397647,16.157194970961672
224.52747819820726,6.15892954082882
224.50085095801927,-88.46642737374877
223.62458929436525,-95.25217934838034
222.35573281505845,-66.5873714691197
220.61897642306238,-6.49708103697325
219.97436324092024,-38.60832390682393
218.6343780337014,-9.155450296996715
217.43572590319383,18.06602327887296
216.3868222237229,24.04042366142028
215.52889437128616,7.95730458461163
214.41536044136186,16.063370096134523
213.40981481793983,17.447776542976428
212.20468246296244,37.72962769824915
211.4629721260199,16.283107122779057
210.25433719221658,33.809673473058645
209.56794879766963,1.2148701223520522
208.2527349479307,33.764872069959495
207.28764579981873,30.8554155784618
206.64666466231415,-3.7509418268377184
205.23508318880397,35.51853896487137
205.2112093663982,-60.351147570893886
203.3680336581216,21.889064951341602
202.29840647225052,29.616112392434548
201.81061937765523,-21.838310716709405
200.34370229054855,25.680001891543338
199.33498384389276,24.986559492495402
198.5578685624608,4.384480870534585
197.54653312146354,5.35021953168356
197.10221686028908,-49.366378010026025
195.3192118214092,26.729112091157237
194.2444283445703,32.53381939739411
193.31946584894493,26.70832037526463
192.59993389785814,4.173962302469198
191.2800878902758,31.68655722491057
191.40931975544382,-72.4645338638715
190.2520069199714,-65.08040309387447
188.70664139041003,-12.798767757861393
187.2314525404802,35.50195585858794
186.28913019347996,30.633544498750922
185.50892740157556,6.051438501887742
184.4766120091733,12.937786851737624
183.3719065675801,21.695889743008735
182.58353965075582,2.2738127969335427
181.92827236678892,-29.29723023152714
180.5451854202265,0.1322215782316424
179.21904540662447,36.18551513249412
179.31093194657808,-61.073406394451254
178.3013132905946,-59.886602233991454
176.49511160896543,8.148304063544677
175.22445608711845,36.38068054027714
174.23565347242484,35.38813192285374
173.2944050708674,28.427675060457055
172.88313878951504,-38.8708664786155
171.4895902166735,12.236149223120798
170.58028651279358,1.7065052920976942
170.2062402490868,-52.40081807439251
168.59911497910065,-1.9257255266609747
167.2104435090908,37.25558107772233
166.8910361784047,-26.764491927464693
166.735149371014,-99.36717103935383
164.5488292283466,7.069056636597394
163.4659881447289,9.48942848719348
163.26503846801677,-61.99821379786822
161.3389031906497,26.259071110855853
160.27080724605315,32.32083742404676
159.4052929405373,20.58209760906447
158.30620310504793,27.06788415048029
157.32021716224114,26.940712279392162
156.45481225334922,14.15291478562308
155.21871103543097,35.903864616522505
154.76765049262113,-13.653301557800795
153.33480727808717,26.136600664033775
152.2797843730684,29.148109507113496
151.61613037328627,-5.61287019736457
150.79836694177072,-14.978095004041489
149.48448998035764,9.473763706549532
148.67690756244576,-10.299197377076506
147.25067930875844,34.13066081234664
146.36674646351358,18.525976462479008
145.38413935536056,20.30035126014328
145.23747431177205,-51.854558745039675
143.83288263357616,-24.657410260190865
142.36851993237434,20.375270765007585
141.26198062812023,33.30378112766844
140.24697144312725,33.821926693135126
140.32877859613984,-62.03430630435392
139.2406867838902,-53.80262999635261
137.42361248211876,17.519491454650908
136.54451648211443,2.1645438214310717
135.69464643981345,-10.561988606505007
134.2351416557509,34.934839450120755
133.41516232231243,18.879025133413407
132.9977652695471,-35.69428762677008
131.28302899381856,31.01295788556307
130.52274743496,4.03767652599304
130.04088417008072,-35.65985324015483
129.15225325219964,-59.04458775234511
127.40338463414643,13.106504559241271
127.70555378794141,-99.3845762564109
126.68041567452488,-97.66705514962841
124.3217807736733,26.581806574954832
123.67792666181302,-10.556712909626441
122.50244884619883,8.001608720272817
121.81423388644674,-20.4194076954395
120.18839509447552,38.65123892537443
119.28932390164758,29.659731733982937
118.22270867877207,35.7444917829488
117.37416001713336,20.97491924646215
117.72571590830476,-99.19816997599472
115.42796354635992,17.50760619528778
115.78715828057543,-108.41116087566294
113.8510054445655,-23.61540579011776
112.39981996135265,19.202664784024066
111.3933982754242,20.593161049608575
110.64462293155451,-5.6955603758671876
109.5136119259611,4.388954861002533
108.29225953734574,29.777215340854063
107.21072016371032,36.57408624912982
106.52612563447919,6.086377504664672
105.36490281914219,22.03162119402504
104.2148715394522,36.580948678301205
103.66900376471295,-5.607435254725987
102.57670466826183,-2.0086676739605176
101.24601727792063,33.3844175609979
100.2382876156218,34.367858467869915
99.40134933601021,16.760113522511595
98.52911229112459,-0.25647942382374267
97.21364980639095,36.48796547156101
95.25897345880446,32.13753443007254
94.40762674578467,17.362481763660853
93.40708717791797,17.343844756284636
92.98414360378536,-44.58598954041751
91.60103022220656,-1.994081645724047
90.5109321041764,7.905133022312515
89.375227374696,18.361940123209067
88.6774178502618,-13.469351527394569
87.2359604773812,34.432552116454296
87.75589846609353,-105.79660631691809
85.50810370719118,8.249425979984183
84.48709245555287,10.19650075616592
83.17006277927035,40.455324396630964
82.26077235583415,32.42441013692826
81.22459038753597,35.32071923939362
81.12289395354237,-43.24306377905994
79.75766972643204,-13.920792577727502
79.43871442435932,-73.53954008177541
78.46718326773922,-77.13954934362103
76.53938005726319,3.1543930338459205
75.34586686147807,23.873971261447696
74.8695009414259,-24.16739904518303
73.28765094996177,30.4109534544399
73.03862396061625,-41.54865653169407
71.32113544963924,25.558547881022637
70.9976639115781,-36.80696808835529
69.23002172256575,35.4418345115057
68.6758158702592,-5.159785423617766
67.27283128452665,29.19783464612995
66.4680926233395,10.305116950589598
65.4549669548475,13.366187691638007
64.43127106159773,14.874422408060559
64.0034152368099,-36.636353960866984
63.33471129518028,-62.85543544457029
61.43084225447524,14.81809941194354
60.60898370348482,0.8499534417023779
59.92244473033187,-29.85982228956936
58.44097372897511,13.802465407782138
57.615713385989764,-0.602796426176733
56.310068180452454,26.162720134417906
55.55940609297529,2.149806395597706
55.227452275349286,-61.304797782759934
53.59833236201962,-0.33684294160634665
53.465142233714964,-82.02913966757869
51.20330887698194,36.96043901468875
50.21723668514673,35.982329646883265
49.60373016619609,-2.0108642703932764
48.193973721839924,38.117529297400125
47.68592318463918,-12.809437979687749
46.48078873202649,10.992713988114353
45.23022319488809,35.1770577074771
44.2750793962375,28.949210387101214
43.87309337270506,-24.072977870489744
42.508318909180204,9.652107918560018
41.308344500714156,25.77261540324307
40.707406101141906,-11.111321231775891
40.21991139799852,-57.96329472749505
38.478109093436714,8.373368165400615
37.23680398930237,31.356644797567476
37.62322963480931,-92.11482442411314
35.265602936137206,30.042333784634675
35.19426589587486,-54.402955435893816
34.202320862556526,-53.53268501930478
32.37556657966753,19.60129306644536
31.7111099003305,-8.683012670245677
30.829848316051827,-20.30084306100573
29.410136918773045,16.643880975168273
28.505021419230896,6.7509301668813055
27.789453871099173,-20.163663228522235
26.418893902568286,15.197882142376704
25.574037146755042,-1.2035567328384171
24.42509063639016,13.978024796728405
23.415536233883408,17.02962817189307
23.026300737068507,-43.65444053132307
22.259704461967235,-53.94184064554204
20.473594274093365,14.21554801087172
19.282314601309118,29.140186821742375
18.56499434289956,4.080409520827947
17.609214203528232,-0.052831667112224624
16.908370980693004,-25.41569260376825
16.181229888028504,-49.05508235130849
15.112017210807542,-47.60333538171371
13.43378791185239,16.611930208919542
13.68149987020335,-95.16218112823043
12.69319604253004,-96.14632288185817
10.584618387341578,6.2104655642617645
9.594156488196726,5.003011160585181
8.248811495350003,32.14563865671836
7.619935297943968,1.2726650308469971
6.2734423421258425,30.400278617992683
5.45729013513513,14.571848122193556
5.095774057179125,-45.097836996549184
3.573099173369527,2.712293900923829
2.486312596718259,11.161814927616314
2.133841963419963,-50.121660034905666
1.017463875856997,-38.093603065762245
-0.23697282672130948,-12.688651065861551
-1.2881992751635625,-11.54326385335143
-1.5905994004647894,-71.49165694249334
-3.0122379902849485,-34.767499441664874
-3.4719627356286082,-83.1215011059917
-4.95285658316053,-39.44364724437433
-6.784752414931625,34.920692022953894
-7.633441005319766,22.265530341408613
-8.239165889338224,-10.904970729315979
-9.229860346394132,-18.60293463138311
-10.47731230513383,3.5195768913190735
-11.766656719596977,34.33937002782761
-11.728475192079403,-62.002081974290874
-13.73854439505674,30.72018207175946
-13.962371372211038,-37.890740002674995
-15.417459624172292,1.0915556895926093
-16.71880469973073,30.60251971666853
-17.81330676094199,38.40913630348891
-18.812805173701708,38.40139920210154
-19.788373311403664,36.41497322217039
-20.75429046695706,33.47980236161732
-21.766274705235762,34.444558315446855
-22.65094970588845,24.061635616187836
-23.51865362772823,7.505116353762485
-24.84785916775238,41.24329279066962
-25.480174749706933,4.794323830167261
-26.58689683907979,17.918190661033883
-27.643913576009265,18.422104540600472
-28.419952216222608,-1.5798936126907328
-29.254852914509673,-10.620516083340988
-30.683542341751327,25.438045929142017
-31.473129647057473,4.383179684405281
-32.534865360752995,10.434206887772538
-33.746548903259075,31.91761112140775
-34.52336556023053,9.439346476462198
-35.83455867101866,40.150447298103636
-36.470746150705274,-2.573751266201579
-37.67667259312557,21.85887295971535
-38.82481353306453,38.91913231986918
-39.430890729665855,-5.520965021536056
-40.39897365081146,-8.891868122031486
-41.683308822084,22.806853800755057
-42.33853340904946,-10.850639452597754
-42.84137626261617,-56.73083829352806
-44.6110034593503,19.471815329726184
-45.645995656503985,20.481578050996383
-46.54120529432155,13.604540737084179
-47.60412968519167,13.811143345197728
-48.20035428745784,-25.119121394253742
-48.875593714085326,-43.01657271051067
-50.48392524152651,1.982712930404931
-51.58943817651647,15.325422218333376
-52.4920476609024,7.966357266315939
-53.573697420830534,14.773952488740807
-54.67904272513327,25.195721579704333
-54.563601544577196,-76.09501563276024
-56.36546725736454,-14.0833738984757
-57.77664122725162,32.736367566041906
-58.40774964729284,-0.7764482585844611
-59.5779719813981,13.644445603713036
-60.672064783837826,21.842568703947563
-60.967630484043966,-37.65554207224633
-61.93613964005837,-40.58481839861077
-63.642479046818565,22.602395423811693
-63.98320340364208,-37.15353800810306
-64.958041145463,-38.893365043518706
-66.6675920406122,22.21789536737804
-67.69038647203959,24.159674395000188
-68.47611908677439,0.5740725566795803
-69.48480622143497,-0.3184778499412511
-70.46049003135954,-4.3706673753640635
-71.42002671416806,-4.562144576059123
-72.81132482272214,37.37679442308536
-73.81023273849895,37.37565380626293
-74.74490828774742,31.275656973947257
-75.76924226134288,33.201778232807754
-76.18002575486365,-25.53894236215276
-76.93812924925263,-41.41631544231962
-78.69139738370093,25.694379529929027
-79.57401971968224,7.592258716669998
-80.64424830727518,19.905000603366393
-81.58622063960898,17.102843192470502
-82.60695448851772,19.264701579402008
-83.32668542968956,-12.680320441592462
-84.24449806151743,-21.189610712607887
-84.81660037232373,-53.34406525024226
-86.37720121111896,-9.067223608955583
-86.95653790054509,-39.12792421365901
-88.72373752120465,28.512513150109022
-88.93549434700577,-41.31973179359127
-90.47500050434901,0.3297529282543336
-91.45436988743626,2.5546383285800256
-92.79918070655931,36.164965721995365
-93.48473872808962,7.983882124633272
-94.56708389210021,12.477233198236842
-95.72997791575622,28.165852933933323
-95.61731074318905,-67.26920991781108
-97.0407200278114,-30.544039925562036
-98.8248051800677,38.046508030328944
-99.28111023100591,-18.866658393693335
-100.80232231949564,35.87045192423749
-101.79284147711125,36.750143439933495
-102.81393479791207,38.6324371479696
-103.82781211447869,39.43865605907876
-104.80322483261014,37.68132952385883
-105.85009333190088,41.58223197603562
-106.21642630940482,-13.938237382271197
-107.44814746257119,-1.6400771318562974
-108.06805117149798,-36.059407732062475
-109.46100567205615,-5.2185802666633565
-110.66607242580201,23.400525850409025
-111.61828174226315,17.62447306184725
-112.13362405926614,-38.80447441031791
-113.17602334707188,-34.695455262633985
-114.06933040336583,-27.57862822882028
-115.71389245396695,27.2402700279525
-116.64205119553446,21.810072460648072
-117.50102785234446,8.017261768784502
-118.21077014373076,-22.83948830651182
-119.1214167023856,-26.46403140688926
-120.61982827482232,21.279402046317045
-121.4776458650125,1.8669202639860325
-122.80199288500036,35.62139010043212
-123.64970943338555,20.657114295694505
-124.73312789645098,29.313076180796664
-125.33617694345949,-5.70196941789132
-126.41073360221999,1.7756524730974392
-127.65801545048687,22.007926157301856
-128.69299164111803,26.80700392397616
-129.65556483475154,21.99758592935748
-130.78612444524052,34.7993736774535
-131.68954557583268,25.131170642811366
-132.80822879130014,36.71934316542725
-133.81599769445964,37.92623575167307
-134.79799854823608,35.719970630864886
-135.66349970372312,23.347391986488038
-136.80505598104963,36.90534672421261
-137.34637672626624,-4.627870149068194
-138.5494443423811,7.07906849017933
-139.5660114042786,13.857463045795177
-140.50934962928207,6.677412600318852
-141.71740262106286,28.586541869194384
-142.73902361715307,30.74077035051876
-143.63965786183496,16.928469350535746
-144.40630681656168,-4.451742530623529
-145.8069129560182,36.58765315131741
-145.65390955588393,-67.63128998853757
-147.43948194521795,-3.630555633041903
-148.6719111996792,24.60287382379157
-149.80429280728734,36.553491232769886
-150.77051248934671,33.61543996534268
-151.78319718984517,34.56821415297366
-152.77406818172284,33.33688275210555
-153.15190082597675,-30.40183455541251
-153.60063576950674,-75.34636512739334
-155.59531473337404,17.262113332023354
-156.84131419227072,41.057774101244995
-157.72842652144914,29.1869464986888
-158.61106722496845,17.342931303843468
-159.20980684929825,-32.043204545961906
-160.79787051781338,35.217191385405506
-161.83298735270805,40.01666518594084
-162.17446362941212,-28.545511551939356
-163.63618078805015,16.91859013410601
-164.69379482774488,23.891483157060982
-165.1890713745987,-25.74427281317295
-166.429527991323,-5.063439391188689
-166.93263387715226,-42.80876213380236
-168.4751017173438,3.2166437122070453
-169.7922564873145,36.00051560522729
-170.79915777959175,36.75295494800459
-171.78797895816828,34.128165436198294
-172.7834630813592,34.334940234785215
-173.4280695671683,-5.324093094750963
-174.62319717753599,18.15122844682749
-175.82704944732865,38.6513819980134
-176.44444808942652,-2.5349428715116344
-177.64397859718878,20.290969971145323
-178.65577285893795,21.24237004388532
-179.32575076728585,-12.091112424854437
-180.78397054653476,34.04624819883641
-181.71206849247946,26.08877635790297
-182.5613069031148,13.612715182326053
-183.59557396730298,12.14079362072474
-184.83328800077922,39.7492676312548
-185.62260977725862,17.818533317744002
-186.6096976451433,17.271098161169423
-186.72705469375808,-67.02917980481642
-188.66364693227575,22.544242217499907
-189.8180860201166,38.7460681324649
-190.8125175522097,37.50069418260081
-191.8103331950586,37.729363979427966
-192.72432492995628,26.9383835374982
-193.44536787416538,1.4427197339895843
-194.52229558453817,8.936703651256286
-195.36760363463281,-9.797170743411963
-196.20778462386772,-28.294643295347335
-197.76533638160913,31.448338488107996
-198.75315544140503,30.46366776441591
-199.7542704931539,32.29395291029243
-200.62429763210162,17.625437687631123
-201.38225872330563,-3.074216599484917
-202.71803780467394,29.37138158239217
-203.55798826621245,7.146440120788781
-204.30167543069493,-12.024127920951141
-205.4737107245818,0.5005431151624443
-206.49893121994884,4.326939430642146
-207.57032773759263,12.233011453186275
-208.63350660375497,18.735328766347433
-209.49125085218702,4.908728466937833
-210.3226057227288,-7.391775578069552
-211.53525599184968,2.802452347796256
-212.4552487385201,-4.256145984923812
-213.37412033212726,-8.79263895517655
-214.74885525517337,32.611795585940136
-215.72029651609924,29.009583233672153
-216.41788772926984,-0.5296191678612006
-217.66051039402257,18.285380518772406
-218.69423778044538,25.386580776842763
-219.02687326220536,-29.329875605981574
-220.79571144614104,36.4322248002938
-220.9246897898273,-47.14528367948841
-222.36570746928354,-10.506772799037936
-223.81390699528853,38.37551683167072
-224.7347451095005,29.67413831728585
-225.74458627193613,30.844694659886624
-226.71919404022907,28.898766434071096
-227.8000804910417,35.92262158294156
-228.68621289100008,25.924269221513953
-229.63439210390538,18.516620764135514
-230.79167846095038,36.34881181787288
-231.36257335296568,-10.182405339416183
-232.51562449213841,6.448921755002389
-232.90482073545436,-49.70232226405828
-234.10772340931814,-33.752872584007186
-235.510413322217,7.059880912454321
-236.22262016194645,-28.6184689232063
-237.8160136839587,38.21883389983011
-238.81684084675913,38.16026246447549
-236.7792761505373,-232.75555711860497
-240.81570203822386,38.196736640658486
-238.65244089460467,-243.50180559089233
-242.1606575853283,-28.52077532374771
-243.28942577914754,-18.007888901230807
-244.2486058579871,-24.690388704663373
-245.8055462563925,37.12642549996609
-246.59493168981876,13.333949076338818
-247.47109077703504,1.7326981010191147
-248.1351656613282,-34.8907666646091
-249.70106233218502,26.241310667200555
-250.74078603224453,28.705812161965223
-251.56778642357685,13.866541184972844
-252.72676728794403,27.895485669437917
-253.68271521202956,25.668691985319548
-254.70380092573987,27.82535080613491
-255.72973507480518,29.772904338940247
-256.5356539491712,6.274302237346256
-257.64472463789093,18.973843595243096
-258.5962068679947,13.190294582948985
-259.64827632703435,18.51485021545721
-260.3679156325512,-4.239831691040651
-261.7256517609377,27.848517923810498
-262.6454953734933,20.793708278219842
-263.75927377816583,32.807138987010305
-264.19378422931385,-23.939038963478644
-265.75198967054973,31.387060610402358
-266.3195663859808,-12.380113298465647
-267.5111544118722,10.893013108185984
-268.7905904817818,35.91984073686457
-269.0449529917853,-38.131352815748485
-270.69186381865717,22.501673489410702
-271.65661398210204,19.803240043182274
-272.74727976318536,30.102326848781047
-273.7236725329853,27.938283504437322
-274.6245327547294,14.312000092336064
-275.579545142197,8.097105891426255
-276.5990656903864,14.22600554766939
-277.75970251880085,32.88649902949201
-278.61605406367306,17.0292134227469
-279.7849263463339,34.82517812261841
-280.3575955826525,-10.276401162221886
-280.9300343854275,-46.7836900615357
-282.1403664026227,-27.381379940017244
-283.794105034758,35.31897595002808
-283.46386673106855,-98.11985634956208
-285.50245841468154,5.122339423924185
-286.7145440468612,26.33942580325719
-287.74002674915806,30.184524683187973
-288.37027087958063,-7.500841458590739
-289.7603956697808,32.122388348482254
-289.8760149561007,-52.00929744578616
-290.94106977173584,-41.31668086018662
-292.057512554016,-38.276024150691065
-293.1311672282566,-28.482790386838445
-294.775609794166,33.01398862336439
-295.7027490927363,22.984042155369217
-296.16541373999127,-29.989171157773875
-297.3751448982225,-10.581717101163056
-298.6694503440475,24.198578258929256
-299.7486689377718,31.004927154919574
-300.67680165746503,23.520639291142146
-301.78352665359563,33.94357755310242
-302.7704674548636,33.3857963175812
-303.12918292760787,-25.849075684225163
-304.47877413151383,6.8947451633600965
-305.494577975229,5.1283873610042185
-306.277894269495,-26.59480917096065
-306.9777232162084,-49.85107403073265
-307.77325726193396,-56.12908653285611
-309.32315181205894,-11.653228220486767
-310.49251988528755,7.381731426659972
-311.6777551536132,25.057968828100414
-312.6799303790838,22.730553726517037
-313.7043886054703,24.66935721605875
-314.67531280282094,23.150280342355305
-315.4897302456342,5.447564382726476
-316.2188863323709,-14.224618580410937
-317.4057110924423,-7.4174681057772744
-318.4103447902588,1.110078030762662
-319.74805444973777,31.023068631014286
-320.7684576714892,32.97426511086165
-321.4454826525486,-2.910548669924152
-322.7229873191118,29.062810615742595
-323.201928279089,-23.406079725012514
-324.3188099191208,-22.445586012575447
-325.4052766117012,-5.243318966563466
-326.78566852946176,33.65314007813507
-327.03722010711607,-34.13597993125321
-328.3785416536401,-2.5773980287336196
-329.77934002666825,33.86155110608554
-330.35654979688434,-16.06371008300832
-331.2277423976815,-17.381729519141608
-331.5506691378598,-72.82804305947994
-333.4622089606627,6.276469920421221
-334.7734318385525,32.54150405286337
-335.6865951592504,25.97793985624168
-336.67866281106706,24.7667334046579
-337.7726668124692,32.54506228156866
-338.449171309198,3.1644780970819064
-339.7726432796159,32.52276456319034
-340.190413670275,-20.180914220268228
-341.2957135433527,-13.728023550480133
-341.860050456955,-51.22257520506575
-343.8005864005427,35.85858313691387
-344.0488148742578,-33.77370872728461
-345.7917746564768,34.64671867675255
-346.77029013125525,32.47320382056679
-347.0848870943898,-35.95803769935246
-348.4395105285905,-2.7552579823978705
-349.34344086349705,-10.548124132922815
-350.6505556659561,18.93419847687908
-351.7405884996787,29.027530385834503
-352.3309121825862,-11.143922542054886
-353.7541544122494,31.644344186267972
-354.80144709812663,35.31572982744318
-355.6019882409509,12.6945740671583
-356.0052261800587,-33.8641103440689
-357.131894053455,-36.29904845494305
-358.6349629057512,20.190705775098785
-359.3695891070489,-8.92586949032362
-360.4204631464013,-1.2994000152302503
-360.9366717438694,-48.766562614425
-362.6466223310316,20.92376439555092
-363.6753174093534,24.063211479425014
-364.0424896383558,-33.76965172070945
-365.41962570653925,-5.57783301327391
-366.66727980637904,23.028876115234045
-366.9235775300154,-44.52686925538014
-368.1729150404137,-23.317117759675476
-369.2583631067807,-14.632148160525
-369.9564985201734,-53.16286304589118
-371.5048379730236,7.025977645228695
-372.7122000978291,25.226443552124813
-372.6071932078358,-66.40075598265565
-374.71202361693275,27.056601479711695
-375.64133818042967,19.109348347028966
-376.68867189148034,23.20613603090497
-377.2762206062694,-21.332064944977645
-378.19982302768983,-24.43026941722184
-379.46383835056656,2.8273070443869592
-379.92246214404713,-40.94765693590088
-380.19970011816224,-126.95525845518469
-382.53333702498276,8.624689858343192
-383.3716440994709,-5.037871408674161
-384.5254876227014,5.097653679260107
-385.51763956242263,3.668012919029218
-386.2575047623425,-19.43477772618954
-387.7447407432417,30.059381909839967
-388.75506808081616,31.03115613283592
-389.5314150185403,6.470183504965211
-390.41896244114673,-5.611781303856673
-391.28950550586137,-23.036237896771855
-392.123983095216,-24.96653083525657
-393.5453379283326,9.473900500246998
-394.2849206762063,-13.838913882551363
-395.6535184515667,17.784943226120895
-396.19934909008055,-26.929440986366142
-397.6187293500937,16.703867910791676
-398.3586575824042,-10.545282758908183
-399.51122342044016,6.263183166838295
-400.69789079635405,23.52239373908075
-401.34831185350095,-9.495860951227959
-401.9529779653428,-46.14081542135555
-403.2604009208959,-19.385940482581066
-404.2057499759595,-22.8491246493658
-405.43932491266384,-3.597944459554412
-406.4543741514677,-5.6039005358440335
-407.5127090351142,5.9665521730293
-407.98460366938343,-37.04107369012872
-409.7828384461581,34.37404894613699
-410.78309600576677,34.37449309925043
-411.79265507140684,35.37176723289593
-412.32779062681414,-14.083820794103287
-413.6568235473451,21.325028705686748
-414.13028307026997,-26.286827063731657
-415.5148879230224,5.649378663664939
-416.38695860536086,-5.495439273090408
-417.5712755605008,10.732188355095062
-418.8183877789234,37.23399485917047
-418.6656557368265,-67.007176536995
-420.76580488281485,31.663636524743755
-421.2510048179301,-19.356037408106168
-422.60075663998913,14.260148524396094
-423.7647338782742,31.62312505000404
-424.10315321511354,-42.252779180125835
-425.58936136375434,13.04155230874762
-426.7096651912808,24.637307438759187
-428.60330933775504,13.97109839720509
-429.2771186105061,-15.41465516481887
-430.72483191734466,29.08529796622855
-431.16477766846737,-27.92591399041004
-432.1492936847778,-26.403421244404555
-432.92561308944045,-46.57276753623004
-433.88453118387156,-49.051673893825765
-435.5882581773731,12.910446320438693
-436.21966208812097,-22.89903011623237
-437.6066903027506,15.518795066219319
-438.44607640334,1.421802008727486
-439.18269775234853,-23.33135613601342
-440.1447456314461,-28.129676411225677
-440.876149806074,-48.032722519278025
-442.3969154623278,-3.941700506942293
-443.4363458385923,2.274854335773632
-444.186521412541,-21.952264298636674
-444.89782126250236,-44.02895361045218
-446.3970988913037,-3.987801946184629
-447.69951412485733,24.872275409633993
-448.29755441013293,-13.875357273062008
-449.5357189546273,7.233936398680414
-450.47858619074213,4.422056404899334
-450.8755679298046,-48.1419906114646
-452.1795787875593,-27.87168974985169
-453.6118802723452,18.633779994796676
-454.3582649501709,-5.1311439046922604
-455.7704985652893,32.69542662231603
-456.46976513029335,1.0919648103502317
-457.62118141121897,15.603564573353397
-458.55842435294187,11.175916608813909
-459.5663613014965,10.278474575774906
-460.6703939606956,23.013230855424272
-461.58552629974423,14.732312615085407
-462.75135267555663,30.447399603794594
-463.764212488801,30.967971658539202
-464.46006632414367,-0.42387779121926783
-465.1109642816012,-34.054943174236506
-466.3761435387565,-2.4260350640608452
-467.26010719828025,-14.49410138175444
-468.57991671317416,15.313358359663258
-469.5310461294457,11.842547399554428
-470.574999312697,15.953371274433042
-471.17218543489764,-27.171625875979846
-471.864743989699,-62.98143381514966
-473.5724871557548,15.521762942557167
-474.47086203910476,4.632316625226497
-475.2910424687631,-11.434494050301016
-476.1833583518864,-19.776532638281694
-477.5522794625631,11.63992267117904
-478.42303671250045,0.8933193030618707
-479.3892613223747,-2.0404184232863916
-479.6969747301357,-60.330949761498225
-481.0665462157463,-31.664456044131533
-482.80420804971425,35.33060150702314
-483.1490505811249,-22.99445528674294
-484.7366892592378,29.23882347897815
-484.930232446015,-50.34185986806935
-486.58597199997234,12.153763515633276
-486.7615277231111,-56.417817619531746
-488.542860227111,12.187655990766581
-489.08538442125433,-33.31138986407987
-490.58447057897655,14.413119247477766
-491.50612477511817,7.358337133083272
-492.6068517012897,18.64354976015169
-492.72718536462133,-64.01263718475636
-493.9595000105425,-42.447125017353265
-494.97521708316606,-46.54478209781497
-496.63710403195984,19.668118752381456
-497.33665180766,-5.507205153395302
-497.68161015763894,-72.36688885857637
-499.53985155062935,8.336216875712088
-500.5158190109395,10.548092084011724
-501.757838338242,31.007032859718613
-502.2443222520502,-17.928003663423894
-503.1003579513877,-33.39529370879715
-504.75158900562354,31.425548837641077
-505.76497111095233,32.1687951210426
-505.72221879798064,-61.40848270985872
-507.5898891778645,13.563429824098415
-508.6301923394894,18.124297624101658
-508.3279339113642,-101.05851217491018
-510.6219823117879,18.99889771290443
-511.7414880532156,30.36643169349889
-512.3793443480465,-3.8111040930435447
-513.5306077142933,6.5536104556218895
-514.6471613505441,20.43591800689238
-515.3467185374357,-17.86208727794934
-516.3467350668578,-15.764622177508427
-517.7128087536438,26.938938764879417
-518.6834985789043,23.324409708920513
-518.8809613531251,-45.79473387798622
-520.7142593962275,28.33427023956845
-521.6942114746008,24.26517785976491
-522.5026151685977,2.864118156171432
-523.6707661961133,24.391524123577938
-523.4172154481917,-93.20089095771324
-525.264490466436,-18.31439818703808
-526.331737457627,-18.722375206854238
-527.5571808753319,10.18764267213068
-528.6338452831814,19.333514189207975
-529.2409087322983,-20.070338420956208
-530.631559123464,19.750319001483494
-531.3056245952961,-16.110342893672414
-532.1899256489511,-30.259482956997257
-533.3791913514847,-6.342265665961523
-534.0572589388454,-31.572578504880685
-535.7657012743977,32.05867464203343
-536.61930852364,16.615306327266026
-536.8965947404822,-61.48488094732677
-537.8975703872773,-50.30510491032558
-539.4657893844551,2.0329981521438407
-540.7975906621118,34.92915787980621
-540.8875668114791,-53.184750519982025
-542.592136763564,12.752391309890427
-542.7922625085749,-56.427877585712395
-544.5743573185911,10.105704057356391
-545.6473894370105,20.123947062822225
-545.8872450547003,-53.23842146868492
-546.7920101418956,-56.47077617583039
-548.4786556153807,0.3996754939851979
-549.3425815581328,-18.22570778389283
-550.5800629498075,11.691233859203518
-551.7028936296244,24.929257278190608
-552.349514719966,-16.61012577927811
-552.9572653350646,-45.60943742213145
-554.6269774816473,19.301585276087515
-555.7062131364866,24.662920204888483
-555.9365634618649,-51.98283455935303
-557.6669412461598,21.949529565893357
-558.7240363678172,27.03958619734868
-559.2154923120554,-26.755842883981643
-560.7454287007345,29.16267480356682
-561.5540116673337,9.833883981456975
-562.4619826113367,2.0255647956695846
-563.3409616847301,-16.070413625830298
-564.32282934951,-16.388796939114886
-565.553032668369,7.709833421954764
-566.3575400448761,-9.09851114447802
-567.6177452292679,17.95160595479117
-568.7156812300714,25.713401913513643
-569.4216977704077,-4.914723516416697
-570.3934320674437,-3.9104474014994945
-571.0299228986047,-47.614924426499336
-571.8934285374045,-47.26876349363716
-572.8933843410147,-47.279345008069136
-574.7256448427437,28.680636718612348
-575.6469492747763,19.350739584086522
-576.7451292719833,28.99131445919554
-577.7831948755543,33.55378007621843
-578.7540345356871,29.966999640893043
-579.763033769038,31.361783247934348
-580.608754363733,16.808422996387392
-581.6344474443779,18.52779737914208
-582.7046586436501,24.364224394841933
-583.7435692337693,29.143484326951004
-584.7632831937078,31.30210615841021
-585.6909575638023,23.598147825795397
-586.6875430685324,24.02299933755344
-586.2330128904238,-105.53246751108072
-588.5889564888785,12.248359514711352
-589.5886085258578,12.241416073118986
-590.7111441451607,25.70508923685154
-591.7454504372816,28.612934107835137
-592.72249376992,26.436916243336853
-593.1839655861826,-24.25149054094543
-594.2187040703366,-19.018019151286197
-595.7321732383015,27.81320284869025
-596.7518940108323,29.98777479867533
-597.7537809700859,29.74498111657683
-598.7311827056808,27.788224926242684
-599.6264002123464,14.61433038607327
-600.6629203692129,21.706892943699465
-601.3799412479041,-9.838206636194222
-602.606695570667,12.183990749038585
-603.7066735430186,23.693975930593755
-604.1661269397051,-24.44191659103142
-605.1623134462802,-24.253221304662876
-606.1622566530382,-24.263898241151278
-607.2592019307974,-18.98537933645697
-608.432027176463,-6.673114128470156
-609.6623896375296,21.599395188238674
-610.5967413221085,13.200832163691132
-611.6313312690884,18.199940792451272
-612.2356716745339,-23.287901116806776
-613.3831284957287,-8.105366696411958
-614.5235680412682,5.448089036706842
-615.4772271779872,1.5367887835751717
-616.6328567855342,15.853938625084895
-617.2404387297485,-19.613158010601392
-618.3650629472694,-17.459760846420092
-619.6610042362195,17.09957263208853
-619.9739170922147,-46.4617240834685
-621.5720348621983,11.364351026169292
-622.5049960271782,5.053498000962932
-623.4097116092075,-6.703255626408845
-624.563424693757,7.816561110655715
-625.6111003594589,13.800659107767766
-626.2556296098328,-23.570490650992607
-627.5332253501924,8.798442788305364
-628.351953799414,-9.537638034560832
-629.4998049345174,-1.044703142303287
-630.6824553821281,20.82346766567888
-631.6819797477145,21.23953610140232
-632.5878643204992,11.550593202443046
-633.612390129612,13.270826847470802
-634.6043580773412,14.377499324325848
-635.3351817412399,-10.560766870643398
-636.6356457506771,15.19997305614169
-637.6114574703776,13.2220359414127
-638.6018424313955,12.01400739572625
-639.3217304433215,-17.431512706842447
-640.5899569421762,11.019771330471823
-641.6433381478186,16.551246241859136
-642.6309788403005,15.571682057179538
-643.6707890243988,20.115071270344785
-643.6861537910413,-84.52713615390147
-644.4296940080156,-92.33032326053035
-646.670035820507,20.09004864614871
-647.4464436586951,-4.472446466269444
-648.3272699420293,-13.789314185556258
-649.4426480774288,-4.27727651971419
-650.5168821728643,5.7336054702954184
-651.5138612120631,3.8651810394370787
-652.6198447912745,14.483628587156463
-652.7485788182034,-66.9867647910448
-654.3332652594828,-9.90891599505801
-654.8639394483757,-52.75008960147715
-656.6702407249181,19.992710925414485
-657.57339373773,10.323297008452208
-658.59293302519,12.891901117994259
-659.672562801645,19.733799098012295
-660.5575312682797,5.580904097510548
-661.594831247505,14.752434374388953
-662.5929565307379,12.868380086859478
-662.8123447340164,-60.585194962965886
-664.5337690018428,3.5876398198743975
-665.3676840934809,-9.627792739874238
-666.2535829952571,-23.99542494885413
-667.5909712103622,10.729517379440383
-667.7710968456607,-64.96088625158997
-669.0233163049124,-41.507008960964555
-670.5264562834543,2.106422400077944
-671.6106415678285,13.081594945258322
-672.4743975210072,-3.4625710328035195
-673.4936325048566,-1.30330229579235
-674.4341059615937,-8.050323971905696
-675.3686210136021,-16.437721505956365
-676.434082979211,-8.075853098603027
-677.428711856389,-3.0403335029770595
